Address,Settlement Date
"10 / 22 Chatsworth Road GREENSLOPES (LID:834299, CID:196332)",17/08/2016
"62 Wickham Street Morningside (LID:833181, CID:198477)",22/08/2016
"10A Dalma Street NORMAN PARK (LID:833159, CID:199032)",23/08/2016
"7 Banya Street BULIMBA (LID:855355, CID:210719)",12/09/2016
"67 Woodhill Avenue Coorparoo (LID:859435, CID:211367)",19/09/2016
"59 Nordenfeldt Road Cannon Hill (LID:856419, CID:211560)",20/09/2016
"7 Glen Street COORPAROO (LID:833157, CID:229654)",18/10/2016
"29 Beelarong Street MORNINGSIDE (LID:894334, CID:227384)",21/10/2016
"3 Stoddart Court Carindale (LID:893293, CID:229842)",24/10/2016
"23 Trundle Street Coorparoo (LID:883560, CID:227023)",2/11/2016
"46 Brisbane Avenue Camp Hill (LID:959176, CID:231870)",2/11/2016
"31 Raven Street Camp Hill (LID:895454, CID:232631)",16/11/2016
"48 Brisbane Avenue Camp Hill (LID:963200, CID:232892)",16/11/2016
"11 Ashfield Street East Brisbane (LID:946069, CID:235097)",29/11/2016
"91 Kirkland Avenue Coorparoo (LID:958870, CID:236244)",12/12/2016
"37 McIlwraith Avenue Norman Park (LID:930567, CID:240385)",16/12/2016
"31 Kingfisher Lane East Brisbane (LID:956485, CID:236952)",19/12/2016
"69 Woodhill Avenue COORPAROO (LID:893306, CID:240826)",9/01/2017
"127 Mowbray Terrace EAST BRISBANE (LID:946698, CID:239855)",10/01/2017
"25 Green Street Yeerongpilly (LID:955548, CID:239446)",16/01/2017
"6 Graven Street Murarrie (LID:891980, CID:240417)",17/01/2017
"88/16 Hetherington Avenue Bulimba (LID:966070, CID:238472)",30/01/2017
"39 Third Street Camp Hill (LID:859032, CID:245123)",9/02/2017
"12 Viminal Hill Crescent Seven Hills (LID:1006755, CID:250720)",5/04/2017
"9 Rowland Street Coorparoo (LID:1011025, CID:247964)",6/04/2017
"4 / 25 Rialto Street Coorparoo (LID:1022242, CID:254668)",27/04/2017
"61 Rawlins Street Kangaroo Point (LID:1035268, CID:256910)",4/05/2017
"15 Watson Street CAMP HILL (LID:1087178, CID:264444)",8/05/2017
"24 Annie Street New Farm (LID:1083128, CID:264508)",8/05/2017
"1 / 12 Durham Street Coorparoo (LID:962210, CID:262022)",9/05/2017
"44 Edencourt Street Camp Hill (LID:1065201, CID:255831)",29/05/2017
"1 / 18 Bunya Street GREENSLOPES (LID:1085287, CID:267451)",29/05/2017
"30 Lancaster Street Coorparoo (LID:982725, CID:258697)",1/06/2017
"31A Raven Street Camp Hill (LID:1114225, CID:277799)",7/06/2017
"3 Gresham Street East Brisbane (LID:1091061, CID:264461)",8/06/2017
"10 Viminal Hill Crescent Seven Hills (LID:1040600, CID:267002)",12/06/2017
"170 Darcy Road Seven Hills (LID:1091949, CID:277786)",19/06/2017
"Lot 524 / 22 Third Street Camp Hill (LID:1159715, CID:278978)",28/07/2017
"36 Illidge Street Coorparoo (LID:1118455, CID:282003)",28/07/2017
"36 Mckie Crescent Cannon Hill (LID:1174080, CID:289105)",14/08/2017
"184 D'Arcy Road Seven Hills (LID:1042220, CID:293959)",7/09/2017
"24 Munce Place Cannon Hill (LID:1228104, CID:291723)",8/09/2017
"Lot 14 Tiburtina Crescent Seven Hills (LID:1087293, CID:257559)",15/09/2017
"33 Dickson Street Morningside (LID:1169914, CID:291559)",15/09/2017
"9 Greens Road Coorparoo (LID:1233499, CID:292961)",15/09/2017
"18 Wotton Street Camp Hill (LID:1237082, CID:295091)",22/09/2017
"2 / 51 Lancaster Street Coorparoo (LID:1216856, CID:294204)",6/10/2017
"26 Frank Street Norman Park (LID:1239107, CID:299135)",16/10/2017
"37 Thynne Avenue Norman Park (LID:1241450, CID:299223)",17/10/2017
"1206 / 45 Duncan Street West End (LID:1224319, CID:301032)",31/10/2017
"20 Wotton Street Camp Hill (LID:1246456, CID:302488)",9/11/2017
"46 Temple Street Coorparoo (LID:1262807, CID:303240)",13/11/2017
"59 Raven Street Camp Hill (LID:1262975, CID:303310)",13/11/2017
"18 Armstrong Road Cannon Hill (LID:1092407, CID:301882)",20/11/2017
"203 Ferguson Road Seven Hills (LID:1246600, CID:304366)",27/11/2017
"16 Harmony Crescent Seven Hills (LID:1268210, CID:306200)",4/12/2017
"29 Balmoral Street HAWTHORNE (LID:1284188, CID:306590)",4/12/2017
"52 Trafalgar Street Morningside (LID:1258507, CID:305438)",6/12/2017
"3 Grant Street Camp Hill (LID:1277747, CID:311903)",8/12/2017
"10 Joan Street Norman Park (LID:1262522, CID:299370)",18/12/2017
"77 Mowbray Terrace East Brisbane (LID:1286884, CID:311944)",18/12/2017
"Lot 3 / 9 Ison Street Morningside (LID:1319836, CID:309573)",4/01/2018
"103 Temple Street COORPAROO (LID:1207232, CID:287945)",17/01/2018
"81 Chatsworth Road Greenslopes (LID:1255743, CID:310539)",22/01/2018
"Lot 1 / 9 Ison Street Morningside (LID:1332562, CID:313186)",25/01/2018
"Lot 31 / Munce Place Cannon Hill (LID:1279772, CID:313165)",31/01/2018
"49 Bruce Street CAMP HILL (LID:1333078, CID:317688)",9/02/2018
"21 / 14 Montrose Road Taringa (LID:1151902, CID:318335)",19/02/2018
"60 Tennyson Street Norman Park (LID:1325941, CID:321101)",19/02/2018
"2 / 5 Hamel Street Camp Hill (LID:1360338, CID:328490)",20/03/2018
"8 Ernest Street Morningside (LID:1289412, CID:327792)",26/03/2018
"50 Johnston Street Bulimba (LID:1277989, CID:322914)",3/04/2018
"42 Raven Street Camp Hill (LID:1344453, CID:326631)",3/04/2018
"104 Watson Street Camp Hill (LID:1418821, CID:329756)",9/04/2018
"4 Miawela Street Seven Hills (LID:1344360, CID:316966)",11/04/2018
"62 Parkview Avenue Wynnum (LID:1289343, CID:326606)",19/04/2018
"51 Raven Street CAMP HILL (LID:1327124, CID:331738)",26/04/2018
"3 / 108 Richmond Road Morningside (LID:1413413, CID:332785)",26/04/2018
"810 / 117 Flockton Street Everton Park (LID:1150131, CID:331812)",30/04/2018
"23 Marian Street Coorparoo (LID:1388979, CID:335241)",22/05/2018
"93 Broadway Street Carina (LID:1400517, CID:339515)",29/05/2018
"72 Macdonald Street NORMAN PARK (LID:1449886, CID:340694)",5/06/2018
"91 Broadway Street Carina (LID:1415906, CID:346550)",13/06/2018
"126 Macrossan Avenue Norman Park (LID:1424400, CID:346401)",15/06/2018
"30 Lancaster Street Coorparoo (LID:1340966, CID:341926)",22/06/2018
"6 / 14 Lima Street Auchenflower (LID:1418674, CID:347674)",25/06/2018
"2 / 9 Ison Street Morningside (LID:1259433, CID:348015)",25/06/2018
"6 / 24 Rogoona Street Morningside (LID:1439087, CID:347560)",9/07/2018
"58 Carranya Street Camp Hill (LID:1460984, CID:350073)",10/07/2018
"24 Bernecker Street Carina (LID:1429495, CID:345095)",13/07/2018
"19 Noble Street CAMP HILL (LID:1478654, CID:350955)",16/07/2018
"4 Didsbury Street East Brisbane (LID:1418797, CID:346423)",18/07/2018
"90A Morehead Avenue Norman Park (LID:1531421, CID:355800)",6/08/2018
"68 Jubilee Terrace Bardon (LID:1505661, CID:356484)",10/08/2018
"87A Burn Street Camp Hill (LID:1404568, CID:358696)",17/08/2018
"20 Third Street Camp Hill (LID:1505187, CID:351930)",21/08/2018
"14 Pinecroft Street Camp Hill (LID:1504157, CID:352069)",22/08/2018
"77 Kingsbury Street Norman Park (LID:1428516, CID:358491)",22/08/2018
"7 / 18 Selangor Place Carina (LID:1427282, CID:347684)",27/08/2018
"4 Miawela Street Seven Hills (LID:1514690, CID:349911)",31/08/2018
"5 Yass Street Carina (LID:1533003, CID:356180)",7/09/2018
"30 Brisbane Avenue Camp Hill (LID:1509633, CID:364602)",7/09/2018
"16 Arrowsmith Street Camp Hill (LID:1558126, CID:362939)",18/09/2018
"26 Taylor Street Balmoral (LID:1421440, CID:354656)",2/10/2018
"46 Temple Street Coorparoo (LID:1561211, CID:365170)",12/10/2018
"35 Frank Street Norman Park (LID:1629052, CID:376389)",19/10/2018
"24 Prout Street CAMP HILL (LID:1607748, CID:376597)",22/10/2018
"11 Melbourne Avenue Camp Hill (LID:1665510, CID:384217)",26/11/2018
"24 Brussels Avenue Morningside (LID:1664282, CID:384239)",26/11/2018
"13 Newman Avenue Camp Hill (LID:1673614, CID:384202)",27/11/2018
"6 Abbott Street CAMP HILL (LID:1671348, CID:383496)",4/12/2018
"7 / 11-13 Bilyana Street Balmoral (LID:1664970, CID:386212)",6/12/2018
"11 The Promenade Camp Hill (LID:1533299, CID:379313)",12/12/2018
"50 Brooks Street CAMP HILL (LID:1660409, CID:384286)",12/12/2018
"19 Bradnor Street Carina (LID:1665554, CID:386900)",13/12/2018
"40 Boundary Road Camp Hill (LID:1602547, CID:376621)",14/12/2018
"16 Burchell Street Carina (LID:1728793, CID:389086)",17/12/2018
"3 Newbury Place Carindale (LID:1636053, CID:388065)",20/12/2018
"86 Raven Street Camp Hill (LID:1665819, CID:390525)",25/01/2019
"20 Eric Road Holland Park (LID:1713941, CID:391072)",25/01/2019
"8 Fred Street Camp Hill (LID:1753848, CID:395215)",6/02/2019
"2 / 35 Crown Street Holland Park West (LID:1675814, CID:395716)",4/03/2019
"72 Illidge Street Coorparoo (LID:1519092, CID:398992)",5/03/2019
"1A Agate Street Camp Hill (LID:1806592, CID:404212)",28/03/2019
"30 Durimbil Street CAMP HILL (LID:1675990, CID:397231)",29/03/2019
"15 Barton Street Holland Park West (LID:1800301, CID:404428)",1/04/2019
"81 Hipwood Street Norman Park (LID:1802599, CID:405385)",15/04/2019
"112 Macdonald Street Norman Park (LID:1664394, CID:403186)",16/04/2019
"39 Third Street Camp Hill (LID:1782131, CID:405338)",26/04/2019
"70 Lloyd Street CAMP HILL (LID:1675553, CID:405311)",29/04/2019
"19 Beeston Street Teneriffe (LID:1736974, CID:405446)",29/04/2019
"1 / 58 Donald Street Camp Hill (LID:1752433, CID:406630)",29/04/2019
"7 St Leonards Street Coorparoo (LID:1820266, CID:407753)",30/04/2019
"14 Brooks Street CAMP HILL (LID:1861406, CID:410221)",10/05/2019
"123 Watson Street Camp Hill (LID:1813833, CID:407726)",14/05/2019
"27 Raven Street Camp Hill (LID:1836643, CID:411903)",22/05/2019
"819 Wynnum Road Cannon Hill (LID:1752271, CID:410218)",28/05/2019
"56 Phalerum Avenue Seven Hills (LID:1786884, CID:407741)",29/05/2019
"89 Amy Street Hawthorne (LID:1792392, CID:409400)",10/06/2019
"16 Harmony Crescent Seven Hills (LID:1787372, CID:413213)",21/06/2019
"8 Joan Street NORMAN PARK (LID:1861598, CID:417575)",28/06/2019
"6 / 44 Adelaide Street Carina (LID:1857082, CID:412986)",2/07/2019
"48 Brisbane Avenue Camp Hill (LID:1803092, CID:423400)",19/07/2019
"46 Edencourt Street Camp Hill (LID:1866679, CID:423389)",24/07/2019
"146 Delaney Circuit Carindale (LID:1832922, CID:412529)",30/07/2019
"4 Cedlen Street Camp Hill (LID:1949522, CID:426024)",7/08/2019
"30 Macdonald Street Norman Park (LID:1940837, CID:422230)",29/08/2019
"3 Daly Street Camp Hill (LID:1976523, CID:432876)",23/09/2019
"156 Watson Street Camp Hill (LID:1973232, CID:434116)",23/09/2019
"79A Burn Street Camp Hill (LID:1856852, CID:436574)",18/10/2019
"32 Gristock Street Coorparoo (LID:1951671, CID:434997)",28/10/2019
"28 Taylor Street Balmoral (LID:1865134, CID:444744)",4/11/2019
"1 / 21 East Street Camp Hill (LID:2001643, CID:436476)",5/11/2019
"118 Creek Road MOUNT GRAVATT EAST (LID:1873706, CID:443014)",11/11/2019
"40 Pinecroft Street CAMP HILL (LID:1977135, CID:444561)",22/11/2019
"87 Albert Street Camp Hill (LID:1996359, CID:445397)",9/12/2019
"5 / 11 Kennington Road Camp Hill (LID:2028688, CID:448567)",9/12/2019
"52 Ashton Street Camp Hill (LID:1993334, CID:447915)",16/12/2019
"18 Patrick Street Norman Park (LID:2059144, CID:451514)",24/12/2019
"21 Margaret Street Camp Hill (LID:1976157, CID:444781)",8/01/2020
"26 Indus Street CAMP HILL (LID:2103650, CID:454843)",8/01/2020
"93 Macrossan Avenue Norman Park (LID:2071961, CID:456073)",15/01/2020
"92 Morehead Avenue Norman Park (LID:2070682, CID:456072)",21/01/2020
"29 Martha Street CAMP HILL (LID:2092528, CID:447285)",31/01/2020
"71 Lindsay Street Hawthorne (LID:1991526, CID:462477)",2/03/2020
"29 Raven Street Camp Hill (LID:2204093, CID:465391)",2/03/2020
"27 Kempsie Road Upper Mount Gravatt (LID:2203667, CID:467776)",11/03/2020
"215 Ferguson Road Seven Hills (LID:2083738, CID:465441)",1/04/2020
"46 Pampling Street CAMP HILL (LID:2237466, CID:472142)",14/05/2020
"123 Watson Street Camp Hill (LID:2225588, CID:477248)",20/05/2020
"67 City View Road Camp Hill (LID:2139390, CID:472328)",25/05/2020
"36 McKie Crescent Cannon Hill (LID:2053091, CID:480697)",5/06/2020
"34 Arrol Street Camp Hill (LID:2282567, CID:479796)",17/06/2020
"24 Margaret Street Camp Hill (LID:2352311, CID:485120)",15/07/2020
"151 Tarragindi Road Tarragindi (LID:2186373, CID:485270)",15/07/2020
"63 Brisbane Avenue Camp Hill (LID:2366910, CID:487569)",16/07/2020
"109 Albert Street Camp Hill (LID:2320467, CID:493437)",21/07/2020
"30 Stanton Street Cannon Hill (LID:2265432, CID:494982)",4/08/2020
"16a Pinedale Street Morningside (LID:2365357, CID:493906)",5/08/2020
"12 Pring Street Tarragindi (LID:2325472, CID:492983)",28/08/2020
"45 Brinawa Street Camp Hill (LID:2320351, CID:499419)",4/09/2020
"32 Stanton Street Cannon Hill (LID:2236633, CID:499606)",7/09/2020
"16 Pinedale Street Morningside (LID:2045270, CID:506894)",7/09/2020
"83A Burn Street Camp Hill (LID:2430682, CID:502477)",9/09/2020
"83 Burn Street Camp Hill (LID:2238692, CID:503275)",9/09/2020
"48 Pampling Street Camp Hill (LID:2067109, CID:504569)",9/09/2020
"449 Old Cleveland Road Camp Hill (LID:2211780, CID:506907)",15/09/2020
"37 Third Street Camp Hill (LID:2350179, CID:512148)",17/09/2020
"12 / 20-22 Love Street Bulimba (LID:2430387, CID:511711)",6/10/2020
"137 Temple Street COORPAROO (LID:2336394, CID:509371)",9/10/2020
"26 Donald Street Camp Hill (LID:2139263, CID:510335)",9/10/2020
"38 Halifax Street Coorparoo (LID:2347120, CID:513085)",9/10/2020
"14 Citrus Street Moorooka (LID:2238947, CID:519467)",23/10/2020
"11 Boundary Road Camp Hill (LID:2473902, CID:513747)",28/10/2020
"24 Munce Place Cannon Hill (LID:2053822, CID:515884)",6/11/2020
"58 Kempsie Road Upper Mount Gravatt (LID:2451363, CID:516560)",9/11/2020
"19 Salaria Drive Seven Hills (LID:2440204, CID:524902)",9/11/2020
"122 Stanley Road Camp Hill (LID:2485184, CID:518309)",18/11/2020
"131 Stanley Road Camp Hill (LID:2512453, CID:519410)",20/11/2020
"85 Raven Street Camp Hill (LID:2059743, CID:530929)",4/12/2020
"57 Mcilwraith Avenue NORMAN PARK (LID:2107055, CID:524925)",9/12/2020
"60 Brisbane Avenue Camp Hill (LID:2493375, CID:511688)",15/12/2020
"3 Joan Street Norman Park (LID:2568809, CID:529314)",17/12/2020
"34 Renton Street Camp Hill (LID:2120002, CID:534660)",22/12/2020
"8 Majestic Outlook Seven Hills (LID:2530485, CID:539569)",12/01/2021
"119 Buena Vista Avenue Coorparoo (LID:2513398, CID:532951)",20/01/2021
"11 Hartley Street Camp Hill (LID:2241007, CID:541499)",3/02/2021
"35 PATTISON Avenue NORMAN PARK (LID:2490836, CID:546476)",5/02/2021
"5 / 91 Pembroke Street Carina (LID:2426852, CID:538464)",23/02/2021
"17 Faraday Street CAMP HILL (LID:2627008, CID:555425)",1/03/2021
"77 Newman Avenue CAMP HILL (LID:2554709, CID:559735)",2/03/2021
"24 Margaret Street Camp Hill (LID:2352424, CID:485126)",5/03/2021
"79 Arrol Street Camp Hill (LID:2286027, CID:546281)",5/03/2021
"50 Brisbane Avenue Camp Hill (LID:2671599, CID:560261)",5/03/2021
"97 Macrossan Avenue Norman Park (LID:2662771, CID:559717)",15/03/2021
"6 Fred Street Camp Hill (LID:2632360, CID:561777)",29/03/2021
"9 Rowland Street Coorparoo (LID:2697524, CID:566723)",6/04/2021
"2 Lewis Street CAMP HILL (LID:2611114, CID:557499)",7/04/2021
"33 Durimbil Street Camp Hill (LID:2471148, CID:558911)",12/04/2021
"113 Birdwood Road HOLLAND PARK WEST (LID:2720213, CID:568869)",12/04/2021
"34 Audrey Street Camp Hill (LID:2692009, CID:563994)",27/04/2021
"7 Raven Street Camp Hill (LID:2750058, CID:575198)",27/04/2021
"81 Hipwood Street Norman Park (LID:2238856, CID:575230)",27/04/2021
"137 Ironwood Street Aspley (LID:2763265, CID:573355)",30/04/2021
"81 Hipwood Avenue Coorparoo (LID:2674360, CID:564268)",5/05/2021
"63 Brisbane Avenue Camp Hill (LID:2366912, CID:487570)",11/05/2021
"44 Brisbane Avenue Camp Hill (LID:2720592, CID:583728)",24/05/2021
"67 Power Street Norman Park (LID:2712561, CID:571480)",31/05/2021
"54 Wyena Street Camp Hill (LID:2742535, CID:587934)",7/06/2021
"55 Watson Street Camp Hill (LID:2710143, CID:583725)",8/06/2021
"5 Cedlen Street Camp Hill (LID:2186454, CID:587946)",22/06/2021
"12 Braemar Place Carindale (LID:2749356, CID:586225)",29/06/2021
"28 Prout Street Camp Hill (LID:2832228, CID:594732)",29/06/2021
"53 Adelaide Street Carina (LID:2713168, CID:592458)",30/06/2021
"63 City View Road Camp Hill (LID:2763956, CID:594486)",2/07/2021
"35 Hartley Street Camp Hill (LID:2818239, CID:599251)",12/07/2021
"9 Joan Street Norman Park (LID:2829433, CID:599255)",12/07/2021
"37 Brisbane Avenue Camp Hill (LID:2816405, CID:594667)",21/07/2021
"34 Henderson Street Camp Hill (LID:2820277, CID:594871)",28/07/2021
"42 Lockyer Street Camp Hill (LID:2834520, CID:595006)",29/07/2021
"59A Raven Street Camp Hill (LID:2897794, CID:610476)",17/08/2021
"3 / 141 Jones Road Carina Heights (LID:2927798, CID:617376)",20/08/2021
"15 Rowland Street COORPAROO (LID:2490604, CID:612113)",23/08/2021
"2 / 89 Ison Street MORNINGSIDE (LID:2864986, CID:619083)",3/09/2021
"38 Brinawa Street Camp Hill (LID:2720299, CID:617203)",7/09/2021
"26 Third Street Camp Hill (LID:2877223, CID:607872)",8/09/2021
"8 Joan Street Norman Park (LID:2888541, CID:617011)",8/09/2021
"20 The Promenade Camp Hill (LID:2875481, CID:607965)",10/09/2021
"47 Greens Road Coorparoo (LID:2877626, CID:622694)",27/09/2021
"16 Nurstead Street Camp Hill (LID:2955174, CID:622840)",27/09/2021
"33 Audrey Street Camp Hill (LID:2929609, CID:626713)",12/10/2021
"5 Viminal Hill Crescent Seven Hills (LID:2887228, CID:620795)",13/10/2021
"530 Old Cleveland Road Camp Hill (LID:2520858, CID:617015)",15/10/2021
"85 Plimsoll Street Greenslopes (LID:2963939, CID:629100)",18/10/2021
"50 Pavo Street Camp Hill (LID:2929801, CID:617200)",25/10/2021
"76 Buena Vista Avenue Coorparoo (LID:2903811, CID:626420)",27/10/2021
"113 Mowbray Terrace East Brisbane (LID:2898161, CID:623364)",1/11/2021
"46 Prout Street Camp Hill (LID:2861967, CID:635574)",2/11/2021
"73 Wellington Street Coorparoo (LID:2995616, CID:635759)",4/11/2021
"22 Brooks Street Camp Hill (LID:3004137, CID:631072)",23/11/2021
"48 Brooks Street Camp Hill (LID:2999572, CID:640645)",23/11/2021
"62 Brooks Street Camp Hill (LID:2964268, CID:635994)",25/11/2021
"38 Stanley Road Seven Hills (LID:2748659, CID:640629)",25/11/2021
"22A Arrol Street Camp Hill (LID:2977970, CID:645296)",7/12/2021
"17 Edencourt Street Camp Hill (LID:3018095, CID:645351)",7/12/2021
"1 / 19 Kennington Road Camp Hill (LID:2041643, CID:645392)",8/12/2021
"79 Burn Street Camp Hill (LID:3020616, CID:633044)",9/12/2021
"40 Porteus Drive Seven Hills (LID:2930959, CID:645289)",17/12/2021
"132 Stanley Road Camp Hill (LID:3035429, CID:650194)",20/12/2021
"46 Latrobe Street East Brisbane (LID:2649329, CID:645359)",6/01/2022
"5 / 18 Kennington Road Camp Hill (LID:3060019, CID:652549)",10/01/2022
"22 Arrol Street Camp Hill (LID:3053068, CID:655132)",20/01/2022
"40 Brooks Street Camp Hill (LID:3007299, CID:660265)",21/01/2022
"10 Houthem Street Camp Hill (LID:3080918, CID:655072)",24/01/2022
"119 Railway Parade Norman Park (LID:2237672, CID:660007)",1/02/2022
"590 Vulture Street East Brisbane (LID:3060187, CID:655105)",3/02/2022
"21104 / 11 Beesley Street West End (LID:3080687, CID:656115)",7/02/2022
"8 Lloyd Street Camp Hill (LID:3120985, CID:669036)",15/03/2022
"9 Prout Street Camp Hill (LID:3137463, CID:673667)",15/03/2022
"5 / 19 Dickenson Street Carina (LID:3162852, CID:678193)",28/03/2022
"109 The Promenade Camp Hill (LID:3135397, CID:678307)",31/03/2022
"153 Watson Street Camp Hill (LID:3153608, CID:682341)",8/04/2022
"7 Thomas Street Camp Hill (LID:3130430, CID:666973)",14/04/2022
"24 Asquith Street Morningside (LID:3141177, CID:678360)",14/04/2022
"65 Morehead Avenue NORMAN PARK (LID:3068762, CID:682381)",26/04/2022
"7 Baguette Street Carina (LID:3139388, CID:686586)",26/04/2022
"32 Carranya Street Camp Hill (LID:3168697, CID:688695)",3/05/2022
"79 Arrol Camp Hill (LID:2643883, CID:546284)",5/05/2022
"78 Woodhill Avenue Coorparoo (LID:3198627, CID:684364)",17/05/2022
"80 Porteus Drive Seven Hills (LID:3147422, CID:686663)",17/05/2022
"7 Joachim Street Holland Park West (LID:3186123, CID:694285)",23/05/2022
"48 Kennington Road Camp Hill (LID:3240188, CID:695954)",30/05/2022
"45 Stanley Road Camp Hill (LID:3205995, CID:688765)",1/06/2022
"5 Phalerum Avenue Seven Hills (LID:3240245, CID:697915)",6/06/2022
"160 Morehead Avenue Norman Park (LID:3261859, CID:698003)",6/06/2022
"72 Donald Street Camp Hill (LID:3229896, CID:690751)",8/06/2022
"43 Brinawa Street Camp Hill (LID:2326021, CID:686635)",16/06/2022
"2 / 19 Dickenson Street Carina (LID:3196806, CID:694213)",11/07/2022
"13 Adina Street Norman Park (LID:3251714, CID:701544)",20/07/2022
"30 Arrowsmith Street Camp Hill (LID:3318105, CID:711984)",25/07/2022
"37 Windemere Avenue Morningside (LID:3238348, CID:703540)",27/07/2022
"39 First Street Camp Hill (LID:3038833, CID:706853)",28/07/2022
"52 Porteus Drive Seven Hills (LID:3314787, CID:714021)",4/08/2022
"14 Servius Avenue Seven Hills (LID:3251262, CID:717341)",15/08/2022
"69 Woodhill Avenue Coorparoo (LID:3279253, CID:701604)",22/08/2022
"12 Viminal Hill Crescent Seven Hills (LID:2814506, CID:713998)",31/08/2022
"7 / 159 Watson Street Camp Hill (LID:3380099, CID:722548)",7/09/2022
"34 Brinawa Street Camp Hill (LID:3281525, CID:724076)",12/09/2022
"30 Lewis Street Camp Hill (LID:3316755, CID:727801)",19/09/2022
"6 / 19 Kennington Road Camp Hill (LID:3079660, CID:713860)",30/09/2022
"25 Renton Street CAMP HILL (LID:3280413, CID:735640)",12/10/2022
"8 Perth Street Camp Hill (LID:3376336, CID:733460)",14/10/2022
"17 Greta Street Manly West (LID:3426918, CID:737339)",19/10/2022
"56 Porteus Drive Seven Hills (LID:3400860, CID:737450)",19/10/2022
"39 Brisbane Avenue Camp Hill (LID:3422026, CID:738526)",23/11/2022
"4 / 55 Thorn Street Kangaroo Point (LID:3421373, CID:744993)",30/11/2022
"8 Glanosmond Avenue Camp Hill (LID:3168863, CID:743189)",7/12/2022
"29 The Promenade Camp Hill (LID:3153202, CID:738621)",9/12/2022
"42 Appia Avenue Seven Hills (LID:3380260, CID:749322)",12/12/2022
"24 Jordan Street Greenslopes (LID:3432283, CID:752758)",12/12/2022
"55 Brinawa Street Camp Hill (LID:3451341, CID:754856)",19/12/2022
"1 / 18 Kennington Road Camp Hill (LID:3442166, CID:745588)",16/01/2023
"2 / 25 Pembroke Road Coorparoo (LID:3482716, CID:761088)",23/01/2023
"38 Gum Street Wynnum (LID:3447684, CID:747548)",31/01/2023
"406 Ferguson Road Seven Hills (LID:3422380, CID:751244)",6/02/2023
"128 D'Arcy Road Seven Hills (LID:3500630, CID:757136)",6/02/2023
"6 Nunney Place Carindale (LID:3533211, CID:765085)",6/02/2023
"408 Ferguson Road Seven Hills (LID:3426992, CID:766179)",16/02/2023
"1 Fred Street Camp Hill (LID:3558553, CID:771783)",8/03/2023
"54 / 9 Ellen Street Carina (LID:3500536, CID:772966)",15/03/2023
"990 Creek Road Carina Heights (LID:3523566, CID:771599)",23/03/2023
"9 Moolabar Street Morningside (LID:3580168, CID:775874)",20/04/2023
"22 Orchard Terrace St Lucia (LID:3592611, CID:778396)",21/04/2023
"36 Westmoreland Boulevard Springwood (LID:3611955, CID:783612)",28/04/2023
"79 Arrol Street Camp Hill (LID:3586176, CID:778406)",3/05/2023
"84 Raven Street Camp Hill (LID:2556420, CID:792393)",29/05/2023
"61 Brisbane Avenue Camp Hill (LID:3597836, CID:778483)",5/06/2023
"45 / 18 Bendena Terrace Carina Heights (LID:3642960, CID:792361)",13/06/2023
"32 Worden Street Morningside (LID:3585227, CID:795895)",13/06/2023
"706 / 27 Commercial Road Newstead (LID:3583357, CID:792179)",19/06/2023
"1 Drogheda Close Underwood (LID:3613728, CID:794735)",22/06/2023
"254 Weller Road Tarragindi (LID:3147387, CID:799540)",26/06/2023
"23 Arrol Street Camp Hill (LID:3633248, CID:792395)",28/06/2023
"9 Kinrade Place CARINDALE (LID:2814869, CID:790811)",30/06/2023
"66 Cascade Drive Underwood (LID:3613722, CID:796623)",30/06/2023
"33 / 18 Bendena Terrace Carina Heights (LID:3665753, CID:797141)",3/07/2023
"46 Temple Street Coorparoo (LID:3685362, CID:806105)",24/07/2023
"26 Torville Road Underwood (LID:3613768, CID:801652)",25/07/2023
"5 / 19 Kennington Road Camp Hill (LID:3564127, CID:807647)",31/07/2023
"30 Joseph Street Camp Hill (LID:2807192, CID:806111)",10/08/2023
"24 Torville Road Underwood (LID:3613766, CID:801655)",11/08/2023
"33 Torville Road Underwood (LID:3613779, CID:811425)",17/08/2023
"12 / 18 Bendena Terrace Carina Heights (LID:3707274, CID:812126)",28/08/2023
"523 Old Cleveland Road Camp Hill (LID:3756855, CID:814111)",28/08/2023
"147 Fernvale Road Tarragindi (LID:3756854, CID:814336)",28/08/2023
"24 Arrol Street Camp Hill (LID:3040929, CID:811242)",8/09/2023
"30 Herbert Street Camp Hill (LID:3756983, CID:814089)",14/09/2023
"3 / 29 East Street Camp Hill (LID:3709104, CID:803023)",15/09/2023
"36 Judge Street Norman Park (LID:3674708, CID:820598)",25/09/2023
"4 / 102 Pembroke Road Coorparoo (LID:3764281, CID:824204)",11/10/2023
"104 Britannia Avenue Morningside (LID:3766452, CID:820894)",16/10/2023
"115 Baringa Street Morningside (LID:3756993, CID:825761)",16/10/2023
"3 / 66 Woodhill Avenue Coorparoo (LID:3773833, CID:825795)",16/10/2023
"Lot 20 / 57 Cascade Drive Underwood (LID:3793390, CID:822603)",19/10/2023
"12 Kidwelly Street Carindale (LID:3756989, CID:822298)",20/10/2023
"12 Warilda Street Camp Hill (LID:3598761, CID:820599)",25/10/2023
"20 Donald Street Camp Hill (LID:3756844, CID:814350)",30/10/2023
"33 Breadalbane Street Carindale (LID:3742216, CID:822286)",2/11/2023
"5 Tranters Avenue Camp Hill (LID:3757454, CID:829067)",6/11/2023
"77 Burn Street Camp Hill (LID:3788899, CID:836415)",27/11/2023
"106 Britannia Avenue Morningside (LID:3798042, CID:836444)",27/11/2023
"8 Lloyd Street Camp Hill (LID:3831005, CID:840003)",11/12/2023
"76 Woodhill Avenue Coorparoo (LID:3799968, CID:838239)",12/12/2023
"527 D'Arcy Road Camp Hill (LID:3756860, CID:837401)",13/12/2023
"14 Halland Terrace Camp Hill (LID:3583082, CID:836448)",19/12/2023
"20 Brinawa Street Camp Hill (LID:3837540, CID:844031)",11/01/2024
"49 Pavo Street Camp Hill (LID:2960673, CID:852843)",15/01/2024
"24 Fryar Street Camp Hill (LID:3842969, CID:852845)",22/01/2024
"37 Torville Road Underwood (LID:3613796, CID:822003)",29/01/2024
"234 / 44-52 Grantson Street Windsor (LID:3832856, CID:845007)",29/01/2024
"13 Albert Street Camp Hill (LID:3830617, CID:883850)",29/02/2024
"115 Ferguson Road Camp Hill (LID:3914543, CID:887001)",4/03/2024
"12 / 17 Hilltop Court Carina (LID:3947765, CID:896875)",15/03/2024
"64 Halland Terrace Camp Hill (LID:3878004, CID:883856)",25/03/2024
"55 Mackay Street Coorparoo (LID:3955233, CID:900281)",25/03/2024
"54 City View Road Camp Hill (LID:3911570, CID:888058)",28/03/2024
"7 Lombard Street Carina (LID:4004704, CID:901410)",11/04/2024
"52 Pampling Street Camp Hill (LID:3955996, CID:922959)",22/04/2024
"8 / 11 Kennington Road Camp Hill (LID:3907555, CID:923159)",22/04/2024
"4 / 31 Kennington Road Camp Hill (LID:3998657, CID:923355)",22/04/2024
"41 / 13 Railway Terrace Milton (LID:3830689, CID:900435)",29/04/2024
"25 Love Street Holland Park (LID:3976665, CID:923227)",8/05/2024
"38 Brisbane Avenue Camp Hill (LID:4004482, CID:922964)",9/05/2024
"58 Capella Street Coorparoo (LID:4004601, CID:930248)",16/05/2024
"14 Lloyd Street Camp Hill (LID:4014506, CID:930254)",17/05/2024
"24 Lindisfarne Street Carindale (LID:3976160, CID:930016)",20/05/2024
"4 / 47 East Street Camp Hill (LID:4011092, CID:930350)",21/05/2024
"24 Goulburn Street Hawthorne (LID:3878434, CID:930357)",23/05/2024
"62 / 455 Brunswick Street Fortitude Valley (LID:4018577, CID:930017)",24/05/2024
"58 Arrol Street Camp Hill (LID:3978145, CID:930015)",30/05/2024
"1044 / 123 Cavendish Road Coorparoo (LID:4026345, CID:930280)",31/05/2024
"4 Lewis Street Camp Hill (LID:3917262, CID:919625)",11/06/2024
"3 / 38 Boundary Road Camp Hill (LID:3874430, CID:935654)",11/06/2024
"4 / 31 Torville Road Underwood (LID:4000477, CID:921222)",17/06/2024
"43 Brinawa Street Camp Hill (LID:3984035, CID:930171)",19/06/2024
"70 Newman Avenue Camp Hill (LID:4095216, CID:937727)",20/06/2024
"78 Tarana Street Camp Hill (LID:3964529, CID:905362)",25/06/2024
"107 Kennington Road Camp Hill (LID:3305909, CID:941508)",28/06/2024
"1 / 60 Hipwood Street Norman Park (LID:4046684, CID:937551)",2/07/2024
"60 Brisbane Avenue Camp Hill (LID:4085775, CID:945092)",30/07/2024
"365 Winstanley Street Carindale (LID:4095001, CID:947444)",30/07/2024
"39 Margaret Street Camp Hill (LID:4042072, CID:941562)",31/07/2024
"68 Arrol Street Camp Hill (LID:4118828, CID:951250)",31/07/2024
"4 / 38 Boundary Road Camp Hill (LID:4069807, CID:952139)",1/08/2024
"2 Sheffield Court Browns Plains (LID:4102802, CID:953308)",5/08/2024
"37 Amersham Crescent Carindale (LID:4052487, CID:947912)",26/08/2024
"27 Norman Street Coorparoo (LID:4146860, CID:967760)",2/09/2024
"15 Risley Street Carina (LID:4120437, CID:971352)",2/09/2024
"49 Raven Street Camp Hill (LID:4043835, CID:965592)",3/09/2024
"1103 / 39 Banya Street Bulimba (LID:4127705, CID:965661)",11/09/2024
"78 Mar Street Holland Park (LID:4067656, CID:969887)",11/09/2024
"68 Burn Street Camp Hill (LID:4166649, CID:961767)",16/09/2024
"5 Cedlen Street Camp Hill (LID:4223253, CID:971340)",26/09/2024
"20 Woodrow Drive Coorparoo (LID:4044480, CID:953312)",27/09/2024
"22 Woodrow Drive Coorparoo (LID:4044487, CID:953313)",27/09/2024
"9 Newdegate Street Greenslopes (LID:4095620, CID:975275)",27/09/2024
"21 Tarana Street Camp Hill (LID:4189567, CID:975431)",27/09/2024
"24 Bernhard Street Paddington (LID:4129817, CID:967672)",30/09/2024
"37 Morningview Place Carindale (LID:4139090, CID:976570)",4/10/2024
"1 Trundle Street Coorparoo (LID:4212872, CID:977760)",9/10/2024
"25 Picasso Street Carina (LID:4067923, CID:971311)",10/10/2024
"5 / 61 Prout Street Camp Hill (LID:4225507, CID:975432)",14/10/2024
"11 Long Street Camp Hill (LID:4117639, CID:975430)",30/10/2024
"4 / 25 Rialto Street Coorparoo (LID:4291257, CID:986269)",7/11/2024
"38 Briarwood Street Carindale (LID:4119804, CID:987388)",8/11/2024
"6 Errey Street Camp Hill (LID:4275576, CID:984984)",12/11/2024
"164 Oateson Skyline Drive Seven Hills (LID:4308345, CID:984492)",15/11/2024
"3 / 27 Brinawa Street Camp Hill (LID:4270639, CID:980356)",18/11/2024
"14 Koondara Street Camp Hill (LID:3944151, CID:983097)",18/11/2024
"57 Lloyd Street Camp Hill (LID:4188994, CID:989087)",18/11/2024
"1 / 28 Browne Street New Farm (LID:4270498, CID:989239)",18/11/2024
"22 Diamond Street Holland Park (LID:4277519, CID:989537)",18/11/2024
"14 Mornington Crescent Morningside (LID:4104708, CID:989548)",3/12/2024
"5 Waite Street Norman Park (LID:4286808, CID:1009452)",6/12/2024
"4 / 30 Maranda Street Shailer Park (LID:4314994, CID:995894)",9/12/2024
"36 Moolabar Street Morningside (LID:4092166, CID:975271)",12/12/2024
"5 / 79 Jellicoe Street Coorparoo (LID:4305724, CID:997235)",13/12/2024
"3 / 31 Merinda Street Greenslopes (LID:4342973, CID:1009301)",16/12/2024
"3 / 29 East Street Camp Hill (LID:4258083, CID:995731)",17/12/2024
"6 / 17 David Street Burpengary (LID:4345884, CID:996609)",17/12/2024
"76 Holland Road Holland Park (LID:4272128, CID:989529)",18/12/2024
"92 Broadway Street Carina (LID:4332161, CID:1014930)",19/12/2024
"42 Lockyer Street Camp Hill (LID:4225092, CID:994101)",2/01/2025
"124 Indus Street Camp Hill (LID:4295152, CID:993612)",6/01/2025
"15 Adina Street Norman Park (LID:4223695, CID:993609)",8/01/2025
"17 Digby Street Holland Park (LID:4304115, CID:1010973)",14/01/2025
"48 Edencourt Street Camp Hill (LID:4268149, CID:1010858)",15/01/2025
"4 / 118 Chester Road Annerley (LID:4376244, CID:1041852)",15/01/2025
"2 / 118 Chester Road Annerley (LID:4390885, CID:1043940)",7/02/2025
"16 Kismet Street Camp Hill (LID:4201333, CID:1068527)",7/03/2025
"51 Stephen Street Camp Hill (LID:4280209, CID:1068599)",11/03/2025
"18 Third Street Camp Hill (LID:4510926, CID:1084094)",21/03/2025
"44 Edencourt Street Camp Hill (LID:4300590, CID:1072391)",28/03/2025
"56 Ashton Street Camp Hill (LID:4430951, CID:1076853)",28/03/2025
"19 Norman Street Coorparoo (LID:4365029, CID:1074624)",8/04/2025
"25 Shire Street Coorparoo (LID:3974903, CID:1076854)",10/04/2025
"6 Murton Avenue Holland Park (LID:4362244, CID:1068353)",14/04/2025
"1 / 40 East Street Camp Hill (LID:4365930, CID:1080526)",14/04/2025
"99 Sackville Street Greenslopes (LID:4436189, CID:1080649)",14/04/2025
"444 Nursery Road Holland Park (LID:4386593, CID:1083475)",17/04/2025
"61 Watson Street Camp Hill (LID:4458566, CID:1080883)",24/04/2025
"30 Durimbil Street Camp Hill (LID:4398669, CID:1084849)",30/04/2025
"46 Pampling Street Camp Hill (LID:4436005, CID:1076928)",2/05/2025
"115 Camlet Street Mount Gravatt East (LID:4463398, CID:1086959)",6/05/2025
"59 Lloyd Street Camp Hill (LID:3955548, CID:1068340)",8/05/2025
"6 Vickers Street Carina Heights (LID:4308741, CID:1068619)",8/05/2025
"4 Nora Street Balmoral (LID:4455203, CID:1082726)",8/05/2025
"13 Margaret Street Camp Hill (LID:4425385, CID:1065856)",30/05/2025
"81 City View Road Camp Hill (LID:4049016, CID:1108036)",10/06/2025
"5 / 91-93 Pembroke Street Carina (LID:4088346, CID:1108285)",10/06/2025
"12A Birdwood Road Holland Park West (LID:4447686, CID:1110250)",16/06/2025
"111 Camlet Street Mount Gravatt East (LID:4497924, CID:1110338)",16/06/2025
"68 Burn Street Camp Hill (LID:4483798, CID:1113642)",20/06/2025
"4 / 40 Princess Street Camp Hill (LID:4514961, CID:1112991)",23/06/2025
"28 Clearview Terrace Seven Hills (LID:4260901, CID:1114815)",23/06/2025
"43 Melbourne Avenue Camp Hill (LID:3877062, CID:1108246)",24/06/2025
"44 Reuben Street Holland Park (LID:4469377, CID:1154180)",27/06/2025
"21 Adina Street Norman Park (LID:4507328, CID:1156626)",14/07/2025
"68 Carranya Street Camp Hill (LID:4502495, CID:1114916)",24/07/2025
"40 Indus Street CAMP HILL (LID:4603589, CID:1158091)",28/07/2025
"36 Pampling Street Camp Hill (LID:4575523, CID:1175280)",5/08/2025
"16 Halland Terrace Camp Hill (LID:4457856, CID:1178615)",14/08/2025
"88 Boundary Road Camp Hill (LID:4562900, CID:1176137)",18/08/2025
"420 Upper Cornwall Street Coorparoo (LID:4593217, CID:1175448)",3/09/2025
"236 Grassdale Road Gumdale (LID:4519617, CID:1190236)",8/09/2025
"23 Justin Street Holland Park West (LID:4516354, CID:1190265)",9/09/2025
"1 / 32 McDonald Street Hawthorne (LID:4592020, CID:1190690)",10/09/2025
"85 McIlwraith Avenue Norman Park (LID:4545425, CID:1190075)",23/09/2025
"64 Halland Terrace Camp Hill (LID:4669260, CID:1198580)",26/09/2025
"42 Brooks Street Camp Hill (LID:4455027, CID:1170959)",29/09/2025
"23A Arrol Street Camp Hill (LID:4540129, CID:1191814)",29/09/2025
"11 Uranus Avenue Seven Hills (LID:4460078, CID:1207888)",10/10/2025
"10 Aruma Street Holland Park West (LID:4606233, CID:1200871)",14/10/2025
"6 Dakara Street Holland Park West (LID:4506200, CID:1205494)",16/10/2025
"61 Matthews Way Wakerley (LID:4661159, CID:1206886)",16/10/2025
"21 Lewis Street Camp Hill (LID:4683016, CID:1207896)",20/10/2025
"35 Ashton Street Camp Hill (LID:4575054, CID:1198702)",22/10/2025
"28 Dansie Street Greenslopes (LID:4590215, CID:1186695)",23/10/2025
"29 The Promenade Camp Hill (LID:4670196, CID:1200876)",24/10/2025
"3 Joan Street Norman Park (LID:4691199, CID:1198249)",27/10/2025
"23 Arrol Street Camp Hill (LID:4540073, CID:1202069)",27/10/2025
"23 / 70 Love Street Bulimba (LID:4677576, CID:1210018)",27/10/2025
"52 Long Street Camp Hill (LID:4618563, CID:1198582)",29/10/2025
"10 Belvedere Street Tarragindi (LID:4672596, CID:1207908)",4/11/2025
"45 Brodie Street Holland Park West (LID:4520112, CID:1198901)",5/11/2025
"68 Cradock Street Holland Park (LID:4514710, CID:1200875)",6/11/2025
"48 Hockings Street Holland Park West (LID:4502575, CID:1198884)",10/11/2025
"37 David Road Holland Park (LID:4546091, CID:1206129)",17/11/2025
"79 Burn Street Camp Hill (LID:4601204, CID:1204246)",21/11/2025
"32 Dansie Street Greenslopes (LID:4590219, CID:1190224)",28/11/2025
"32 Steele Street Holland Park (LID:4516460, CID:1221567)",1/12/2025
"40 Dobbs Street Holland Park West (LID:4750544, CID:1224085)",8/12/2025
"84 Kennington Road Camp Hill (LID:4669144, CID:1226286)",15/12/2025
"22A Arrol Street Camp Hill (LID:4724829, CID:1227355)",15/12/2025
"21 Frank Street Norman Park (LID:4727871, CID:1227356)",15/12/2025
"20 Burlington Street Holland Park (LID:4576432, CID:1221566)",16/12/2025
"75 Wyena Street Camp Hill (LID:4723582, CID:1227353)",14/01/2026
"13 Brisbane Avenue Camp Hill (LID:4762593, CID:1237947)",15/01/2026
"63 Dagmar Street Holland Park West (LID:4761113, CID:1230835)",21/01/2026
"19 Iris Street Holland Park West (LID:4752996, CID:1232988)",21/01/2026
"86 Macdonald Street Norman Park (LID:4714498, CID:1219081)",23/01/2026
"47B Albert Street Camp Hill (LID:4720965, CID:1219093)",23/01/2026
"110 Bruce Street Camp Hill (LID:4724626, CID:1235102)",28/01/2026
"129 Morehead Avenue Norman Park (LID:4576886, CID:1227576)",30/01/2026
"5 Viminal Hill Crescent Seven Hills (LID:4784070, CID:1242618)",30/01/2026
"95 Lloyd Street Camp Hill (LID:3942112, CID:1234395)",4/02/2026
"10 Burn Street. Camp Hill (LID:4735622, CID:1237959)",4/02/2026
"39 First Street Camp Hill (LID:4754947, CID:1235224)",5/02/2026
"44 Nicholson Street Greenslopes (LID:4450744, CID:1088019)",23/02/2026
"Lot 86 / 239 Bacton Road Chandler (LID:4774075, CID:1235109)",27/02/2026
"11 Gower Street Holland Park West (LID:4766891, CID:1263410)",27/02/2026
"170 D'Arcy Road Seven Hills (LID:4795063, CID:1295958)",9/03/2026
"20 Gower Street Holland Park West (LID:4805730, CID:1263400)",12/03/2026
"Lot 152 / 44 Nicholson Street Greenslopes (LID:4558653, CID:1198717)",24/03/2026
"20 Baragoola Street Coorparoo (LID:4747830, CID:1307628)",2/04/2026
"16 Wellstead Avenue Coorparoo (LID:4813722, CID:1311781)",13/04/2026
"63 Albert Street Camp Hill (LID:4463178, CID:1316354)",20/04/2026
